longitude,latitude,month,month_name
-97.454614,27.58738,1,01 January
-97.437678,27.572061,1,01 January
-95.583168,29.375727,1,01 January
-98.114081,30.198592,1,01 January
-98.330477,26.181528,1,01 January
-97.328806,27.669275,1,01 January
-98.20437,29.310717,1,01 January
-89.982445,38.78392,1,01 January
-98.256375,26.242113,1,01 January
-95.401778,29.714451,1,01 January
-97.533118,30.348838,1,01 January
-97.547249,30.350009,1,01 January
-97.670041,29.845003,2,02 February
-97.328831,27.669347,2,02 February
-100.19123,25.672027,2,02 February
-97.329168,27.669242,2,02 February
-96.112641,29.818277,3,03 March
-103.191361,20.323247,3,03 March
-103.191361,20.323247,4,04 April
-100.219147,25.536226,4,04 April
-99.031181,21.637144,4,04 April
-80.14446,26.38054,4,04 April
-79.482306,9.047336,4,04 April
-100.134908,25.398652,5,05 May
-97.222671,27.620554,1,01 January
-97.648689,30.411755,1,01 January
-97.305704,30.311941,1,01 January
-97.328801,27.669265,1,01 January
-105.780798,22.82643,1,01 January
-97.329174,27.669241,1,01 January
-98.446118,29.317143,2,02 February
-97.221667,27.601411,2,02 February
-97.662637,30.627855,2,02 February
-97.328887,27.669208,2,02 February
-82.467407,27.423673,2,02 February
-106.442705,23.299501,4,04 April
-106.442842,23.298842,4,04 April
-106.442619,23.298595,4,04 April
-106.442885,23.296851,4,04 April
-106.442885,23.296851,4,04 April
-97.285414,27.668972,5,05 May
-97.670566,27.860017,5,05 May
-98.188562,26.286867,5,05 May
-102.954363,29.17932,5,05 May
-103.930797,30.597135,5,05 May
-98.622983,31.269707,5,05 May
-106.443,23.299,5,05 May
-97.758536,30.417972,6,06 June
-97.285571,27.668736,6,06 June
-97.285469,27.66888,6,06 June
-95.619349,29.166446,6,06 June
-97.285336,27.66908,6,06 June
-94.958241,29.424651,7,07 July
-94.958236,29.42467,7,07 July
-97.387239,28.656613,7,07 July
-94.958228,29.424578,7,07 July
-98.08012,30.203994,7,07 July
-97.758536,30.417972,7,07 July
-86.871655,32.788461,7,07 July
-98.493632,19.517673,7,07 July
-96.848781,32.75357,7,07 July
-99.753143,29.427741,7,07 July
-99.753148,29.427732,7,07 July
-86.458877,34.588146,7,07 July
-97.11474,32.905899,7,07 July
-97.575611,29.619999,7,07 July
-82.28469,34.901257,7,07 July
-102.946133,21.149936,7,07 July
-102.949384,21.149234,7,07 July
-102.949384,21.149234,7,07 July
-102.949384,21.149234,7,07 July
-87.484629,33.262504,7,07 July
-87.484444,33.262222,7,07 July
-103.825737,20.368141,8,08 August
-94.958171,29.424705,8,08 August
-99.410671,28.299205,8,08 August
-90.008918,32.336755,8,08 August
-97.648729,30.411801,8,08 August
-94.958358,29.424392,8,08 August
-95.42,29.043,8,08 August
-97.7225,30.3575,8,08 August
-95.365927,34.025845,8,08 August
-93.226509,31.041178,8,08 August
-73.701622,43.295762,8,08 August
-76.822203,39.001287,8,08 August
-98.08012,30.203994,9,09 September
-73.991847,40.653602,9,09 September
-73.995046,40.649326,9,09 September
-97.758536,30.417972,9,09 September
-84.344037,30.410487,9,09 September
-103.535905,20.732546,9,09 September
-95.601074,29.748981,9,09 September
-95.42,29.043,9,09 September
-97.67056,27.860013,9,09 September
-79.416788,43.670992,9,09 September
-76.77639,39.07092,9,09 September
-95.913488,29.665765,9,09 September
-73.16734,44.015337,9,09 September
-97.285572,27.668637,9,09 September
-97.285203,27.669071,9,09 September
-97.285328,27.66903,9,09 September
-97.454473,27.587568,9,09 September
-97.031362,28.808533,9,09 September
-97.285334,27.669014,9,09 September
-76.77639,39.07092,9,09 September
-97.437622,27.57204,9,09 September
-77.279512,38.917287,9,09 September
-86.700996,34.714965,9,09 September
-97.285539,27.668689,9,09 September
-79.416842,43.671063,9,09 September
-96.629313,32.327784,9,09 September
-76.758202,42.443508,9,09 September
-76.758202,42.443508,9,09 September
-76.487616,44.234796,9,09 September
-96.685706,32.857083,9,09 September
-98.248142,31.634641,9,09 September
-98.08012,30.203994,9,09 September
-95.601074,29.748981,9,09 September
-69.952879,47.757788,9,09 September
-95.765534,29.806641,9,09 September
-96.685767,32.857025,9,09 September
-73.408546,41.577043,9,09 September
-75.336923,39.98606,9,09 September
-104.652174,38.771284,9,09 September
-101.937484,33.400884,9,09 September
-76.758202,42.443508,9,09 September
-97.64874,30.411821,9,09 September
-97.648707,30.41183,9,09 September
-97.14959,33.622691,9,09 September
-73.994205,40.649501,9,09 September
-73.995217,40.649421,9,09 September
-78.69106,44.590915,9,09 September
-91.396428,45.928632,9,09 September
-79.769342,43.689487,9,09 September
-78.69106,44.590915,9,09 September
-95.445245,30.808726,9,09 September
-79.769353,43.689492,9,09 September
-72.5255,43.132332,9,09 September
-78.907607,36.011665,9,09 September
-95.65,29.682,9,09 September
-73.16734,44.015337,10,10 October
-100.429008,25.764095,10,10 October
-80.456573,42.576232,10,10 October
-83.076067,42.245604,10,10 October
-76.140449,43.033659,10,10 October
-97.305107,30.837439,10,10 October
-98.623549,31.269769,10,10 October
-98.623363,31.269709,10,10 October
-98.623431,31.269881,10,10 October
-95.65,29.682,10,10 October
-76.771764,39.077723,10,10 October
-72.525534,43.132281,10,10 October
-76.139483,43.033614,10,10 October
-99.499336,30.109295,10,10 October
-96.980287,30.850503,10,10 October
-97.222718,27.620578,10,10 October
-94.958193,29.424721,10,10 October
-98.623256,31.269903,10,10 October
-86.683323,33.688991,10,10 October
-97.305111,30.837437,10,10 October
-94.95822,29.424745,10,10 October
-96.775551,30.082985,10,10 October
-95.42,29.043,10,10 October
-97.222733,27.620561,10,10 October
-95.601074,29.748981,10,10 October
-97.22272,27.620569,10,10 October
-100.691078,20.193615,10,10 October
-97.371702,27.646798,10,10 October
-97.32921,27.669293,10,10 October
-76.388336,44.141577,10,10 October
-94.958226,29.424666,10,10 October
-104.027408,20.543597,10,10 October
-95.601074,29.748981,10,10 October
-95.42,29.043,10,10 October
-97.285318,27.669048,10,10 October
-95.100052,29.416281,10,10 October
-95.601074,29.748981,10,10 October
-95.115173,29.566736,10,10 October
-95.601074,29.748981,10,10 October
-95.601074,29.748981,10,10 October
-97.670632,27.860029,10,10 October
-95.601074,29.748981,10,10 October
-95.402253,29.7194,10,10 October
-95.601074,29.748981,10,10 October
-97.670728,27.860042,10,10 October
-97.758536,30.417972,10,10 October
-95.601074,29.748981,10,10 October
-96.685754,32.857029,10,10 October
-97.22272,27.620572,10,10 October
-96.8014,28.310547,10,10 October
-97.285402,27.668905,10,10 October
-97.328265,28.243793,10,10 October
-96.867178,28.342756,10,10 October
-97.222712,27.620573,10,10 October
-97.222708,27.620579,10,10 October
-97.374776,32.578835,10,10 October
-95.166255,29.958467,10,10 October
-97.389097,28.655952,10,10 October
-97.285402,27.66891,10,10 October
-97.285326,27.669032,10,10 October
-97.222705,27.620585,10,10 October
-97.877677,28.066062,10,10 October
-100.514067,21.295522,10,10 October
-97.267512,30.256732,10,10 October
-87.471161,36.026978,10,10 October
-97.268026,30.255490000000002,10,10 October
-97.384367,30.350108,10,10 October
-97.648729,30.411801,10,10 October
-80.634125,43.441003,10,10 October
-97.547129,30.35052,10,10 October
-94.686378,29.752496,10,10 October
-95.445248,30.808723,10,10 October
-95.728239,30.637563,10,10 October
-95.445246,30.808715,10,10 October
-80.144485,26.380562,10,10 October
-97.285328,27.669035,11,11 November
-97.758536,30.417972,11,11 November
-75.445717,40.126192,11,11 November
-98.114081,30.198592,11,11 November
-97.466575,35.216938,11,11 November
-97.22271,27.620592,11,11 November
-94.958188,29.424726,11,11 November
-97.320488,20.43877,11,11 November
-97.454322,27.586869,11,11 November
-97.222692,27.620594,11,11 November
-73.984401,40.65647,11,11 November
-95.42,29.043,11,11 November
-97.328791,27.669287,11,11 November
-97.328811,27.669369,11,11 November
-98.135644,26.08228,11,11 November
-97.547376,30.350362,11,11 November
-98.37628,26.185045,11,11 November
-97.385151,30.347637,11,11 November
-97.222714,27.620572,11,11 November
-97.32917,27.669241,11,11 November
-97.454546,27.587551,11,11 November
-99.150774,26.576709,11,11 November
-97.221136,27.624802,11,11 November
-94.958199,29.424719,11,11 November
-97.285337,27.669043,11,11 November
-97.047534,28.05322,11,11 November
-82.6054,29.682153,11,11 November
-97.957747,26.126278,12,12 December
-95.42,29.043,12,12 December
-97.731505,30.489463,12,12 December
-100.579551,25.796431,12,12 December
-97.027645,32.964074,12,12 December
-98.347083,26.337671,12,12 December
-103.191361,20.323247,12,12 December
-94.958237,29.424667,12,12 December
-95.10009,29.416342,12,12 December
-100.388111,20.522189,12,12 December
-95.42,29.043,12,12 December
-96.503367,16.168736,12,12 December
-95.419511,29.042716,2,02 February
-97.489062,30.22136,2,02 February
-97.222717,27.620563,4,04 April
-95.419511,29.042716,4,04 April
-97.222693,27.620551,4,04 April
-95.419511,29.042716,5,05 May
-82.531944,28.097329,5,05 May
-86.158544,34.205683,6,06 June
-95.419511,29.042716,6,06 June
-60.9355,14.54838,6,06 June
-97.758536,30.417972,6,06 June
-95.419511,29.042716,7,07 July
-86.158544,34.205652,7,07 July
-101.961397,33.530569,7,07 July
-89.212102,31.323131,7,07 July
-102.120696,31.963694,7,07 July
-97.758536,30.417972,7,07 July
-87.569173,33.209841,7,07 July
-87.569173,33.209841,7,07 July
-87.569173,33.209841,7,07 July
-101.783764,33.484389,7,07 July
-97.758582,30.417953,7,07 July
-101.681793,33.535564,7,07 July
-87.563072,33.214652,7,07 July
-87.561195,33.213143,7,07 July
-87.559722,33.215278,7,07 July
-87.484475,33.262255,7,07 July
-98.114143,30.198654,8,08 August
-97.648708,30.411799,8,08 August
-95.419511,29.042716,8,08 August
-86.158544,34.205652,8,08 August
-99.345972,18.574502,8,08 August
-95.597769,29.380101,8,08 August
-79.952499,40.429443,8,08 August
-98.208357,28.028563,8,08 August
-97.67055,27.860019,8,08 August
-98.114178,30.198622,8,08 August
-98.208355,28.028564,8,08 August
-97.04753,28.053274,8,08 August
-97.047546,28.053271,8,08 August
-98.208346,28.028577,8,08 August
-98.208356,28.028562,8,08 August
-97.047485,28.053276,8,08 August
-97.047548,28.053276,8,08 August
-97.047478,28.05327,8,08 August
-96.774154,32.814035,8,08 August
-101.903276,33.560553,8,08 August
-101.8578,33.587672,8,08 August
-92.348142,30.582983,8,08 August
-82.238657,29.668275,8,08 August
-88.455304,41.579154,8,08 August
-64.618661,46.389245,8,08 August
-64.618661,46.389245,8,08 August
-94.301601,35.325647,8,08 August
-64.618661,46.389245,8,08 August
-83.888606,32.849163,8,08 August
-93.226753,31.040918,8,08 August
-88.027481,42.347301,8,08 August
-65.57753,43.495353,8,08 August
-86.457811,32.55936,8,08 August
-82.370711,35.544511,8,08 August
-97.670547,27.860028,9,09 September
-97.285378,27.668987,9,09 September
-95.419511,29.042716,9,09 September
-98.208342,28.028556,9,09 September
-98.11416,30.198629,9,09 September
-97.384357,30.350097,9,09 September
-97.547221,30.350124,9,09 September
-98.23515,31.63693,9,09 September
-97.112465,32.792535,9,09 September
-60.537369,46.886274,9,09 September
-97.285326,27.669062,9,09 September
-97.28541,27.668918,9,09 September
-96.667349,32.848225,9,09 September
-97.255918,32.883679,9,09 September
-96.628546,32.906786,9,09 September
-97.032191,32.617267,9,09 September
-97.289746,32.671116,9,09 September
-98.109364,32.246969,9,09 September
-97.297714,32.928185,9,09 September
-96.709,33.448383,9,09 September
-97.26461,32.885017,9,09 September
-97.14898,32.906547,9,09 September
-93.85322,30.17872,9,09 September
-95.051636,29.780822,9,09 September
-96.131099,33.471805,9,09 September
-97.149147,32.741408,9,09 September
-97.399744,32.857554,9,09 September
-97.285553,27.668716,9,09 September
-97.285412,27.668936,9,09 September
-95.581917,29.781637,9,09 September
-79.952499,40.429443,9,09 September
-96.786316,33.079914,9,09 September
-97.374777,32.770998,9,09 September
-97.417224,32.778879,9,09 September
-97.604927,33.213009,9,09 September
-97.573975,30.887895,9,09 September
-96.726914,32.818416,9,09 September
-98.085811,30.191794,9,09 September
-97.016002,32.311748,9,09 September
-97.290655,32.670616,9,09 September
-98.615067,29.573833,9,09 September
-94.75467,32.500715,9,09 September
-95.149342,31.596605,9,09 September
-97.82698,30.244878,9,09 September
-97.146019,33.023495,9,09 September
-92.344435,34.567821,9,09 September
-98.205612,33.814428,9,09 September
-97.1455,33.0237,9,09 September
-97.102883,32.716217,9,09 September
-97.882055,28.061278,9,09 September
-98.114153,30.198653,9,09 September
-96.975407,33.065697,9,09 September
-97.612299,30.559707,9,09 September
-97.198748,33.171554,9,09 September
-95.419511,29.042716,9,09 September
-97.402463,32.61077,9,09 September
-98.114163,30.19864,9,09 September
-97.104,32.587027,9,09 September
-97.642052,31.609982,9,09 September
-97.66036,31.615653,9,09 September
-97.66119,31.615447,9,09 September
-97.232633,32.9631,9,09 September
-97.232633,32.9631,9,09 September
-97.232633,32.9631,9,09 September
-97.608581,31.813865,9,09 September
-97.232239,32.960151,9,09 September
-97.881891,28.061049,9,09 September
-96.654514,32.962996,9,09 September
-97.373827,32.774538,9,09 September
-80.763281,35.140802,9,09 September
-97.222726,27.620565,9,09 September
-97.229978,32.960627,9,09 September
-97.232525999999993,32.960414,9,09 September
-97.222717,27.620555,9,09 September
-97.2227,27.62057,9,09 September
-97.648775,30.411866,9,09 September
-97.6487,30.411829,9,09 September
-96.630747,32.921823,9,09 September
-97.582028,30.247063,9,09 September
-97.648743,30.411792,9,09 September
-98.248125,31.633857,9,09 September
-97.232472,32.959903,9,09 September
-76.752556,39.025866,9,09 September
-76.79802,39.098113,9,09 September
-87.20931,37.304613,9,09 September
-77.912268,45.038609,9,09 September
-97.42499,35.237385,9,09 September
-97.42499,35.237385,9,09 September
-84.500845,39.155265,9,09 September
-76.710649,39.154722,9,09 September
-64.618661,46.389245,9,09 September
-97.648729,30.411806,9,09 September
-80.540355,51.606666,9,09 September
-79.480591,43.742081,9,09 September
-94.301601,35.325647,9,09 September
-94.301601,35.325647,9,09 September
-84.53762,44.90001,9,09 September
-86.66532,46.2247,9,09 September
-84.25305,44.75447,9,09 September
-90.66196,43.95947,9,09 September
-97.285518,27.668781,9,09 September
-97.097778,33.016389,9,09 September
-76.635377,39.032765,9,09 September
-78.14225,33.914858,9,09 September
-97.245003,32.935276,10,10 October
-97.274986,32.883352,10,10 October
-97.22271,27.620541,10,10 October
-97.585688,31.791252,10,10 October
-98.11417,30.198651,10,10 October
-98.379229,28.425423,10,10 October
-97.05827,33.258938,10,10 October
-97.481863,32.847855,10,10 October
-97.0601,33.263898,10,10 October
-95.765534,29.806641,10,10 October
-97.289418,32.668711,10,10 October
-97.3403,30.116129,10,10 October
-97.340303,30.116123,10,10 October
-97.340304,30.116128,10,10 October
-97.034938,33.088717,10,10 October
-96.940024,32.824515,10,10 October
-96.381248,30.624959,10,10 October
-97.375803,32.762283,10,10 October
-96.989051,33.061996,10,10 October
-96.98836,33.061748,10,10 October
-96.988802,33.06213,10,10 October
-96.521331,33.033531,10,10 October
-97.326718,27.70934,10,10 October
-97.222724,27.620564,10,10 October
-97.222717,27.620546,10,10 October
-97.222725,27.620549,10,10 October
-97.308115,32.673845,10,10 October
-96.681404,32.892728,10,10 October
-101.961912,33.529424,10,10 October
-97.109143,33.242819,10,10 October
-97.305,30.837444,10,10 October
-97.192511,32.752335,10,10 October
-97.37475,32.774612,10,10 October
-78.494099,45.046804,10,10 October
-96.858403,32.859669,10,10 October
-94.725943,32.509043,10,10 October
-96.988871,33.061989,10,10 October
-96.587845,32.795674,10,10 October
-97.340298,30.116115,10,10 October
-79.557203,40.704681,10,10 October
-96.801494,28.310584,10,10 October
-78.494093,45.046815,10,10 October
-97.222721,27.620552,10,10 October
-97.648753,30.411862,10,10 October
-98.390594,33.757385,10,10 October
-98.558368,33.847436,10,10 October
-96.747455,32.892427,10,10 October
-96.748027,32.892815,10,10 October
-96.971224,32.613819,10,10 October
-95.714958,29.642758,10,10 October
-97.841583,30.427789,10,10 October
-97.758536,30.417972,10,10 October
-97.340238,30.115878,10,10 October
-97.886488,30.208739,10,10 October
-97.827018,30.245044,10,10 October
-97.617947,30.566008,10,10 October
-97.645333,30.234993,10,10 October
-97.849862,30.161978,10,10 October
-96.953337,33.070317,10,10 October
-98.257137,30.30792,10,10 October
-97.611795,30.560595,10,10 October
-97.221673,27.60141,10,10 October
-95.260379,31.824228,10,10 October
-98.208325,28.028644,10,10 October
-97.28484,27.474273,10,10 October
-97.221681,27.601411,10,10 October
-97.328794,27.66928,10,10 October
-97.894226,30.337148,10,10 October
-97.222722,27.620561,10,10 October
-97.684772,30.648511,10,10 October
-97.222721,27.620561,10,10 October
-98.399034,28.42526,10,10 October
-97.222743,27.6206,10,10 October
-97.192497,32.752598,10,10 October
-80.768525,35.20572,10,10 October
-101.80567,33.55129,10,10 October
-97.414229,30.250332,10,10 October
-76.774773,39.12755,10,10 October
-76.722105,39.128366,10,10 October
-76.642918,39.009333,10,10 October
-98.582072,27.91447,10,10 October
-97.383686,30.349426,10,10 October
-102.069932,30.856016,10,10 October
-100.650276,30.578324,10,10 October
-97.650583,30.216717,10,10 October
-96.79598,32.885613,10,10 October
-97.532993,30.347828,10,10 October
-97.383759,30.349443,10,10 October
-97.140643,33.725366,10,10 October
-97.140646,33.725366,10,10 October
-97.547326,30.35019,10,10 October
-78.848834,43.939258,10,10 October
-95.765534,29.806641,10,10 October
-96.776192,30.082405,10,10 October
-97.696183,30.442791,10,10 October
-98.286564,32.164372,10,10 October
-97.222715,27.620566,10,10 October
-97.650703,30.216703,10,10 October
-72.238615,42.300221,10,10 October
-88.138146,30.381033,10,10 October
-88.138098,30.380987,10,10 October
-64.771904,45.469319,10,10 October
-78.639103,45.548712,10,10 October
-94.301601,35.325647,10,10 October
-87.71923,41.957133,10,10 October
-97.84713,30.182628,10,10 October
-80.896409,34.161908,10,10 October
-96.747442,32.892295,10,10 October
-97.585784,31.791621,10,10 October
-98.425921,30.103837,10,10 October
-97.145714,33.023586,10,10 October
-97.340773,30.116113,10,10 October
-97.340302,30.1161,10,10 October
-97.340274,30.116146,10,10 October
-97.340302,30.1161,10,10 October
-97.329206,27.669287,11,11 November
-97.328756,27.669298,11,11 November
-97.328761,27.669294,11,11 November
-97.22272,27.620564,11,11 November
-97.437622,27.572026,11,11 November
-97.437631,27.572036,11,11 November
-97.222728,27.620556,11,11 November
-97.222716,27.620561,11,11 November
-97.328853,27.669366,11,11 November
-97.100868,32.58746,11,11 November
-97.222718,27.620572,11,11 November
-98.114147,30.198638,11,11 November
-97.585236,31.791729,11,11 November
-98.337284,29.477985,11,11 November
-96.997371,32.612554,11,11 November
-99.150761,26.576725,11,11 November
-97.222718,27.620561,11,11 November
-99.150772,26.576717,11,11 November
-98.366463,26.179795,11,11 November
-98.114081,30.198592,11,11 November
-98.366463,26.179795,11,11 November
-97.222716,27.620567,11,11 November
-98.241773,29.525484,11,11 November
-98.379713,26.18571,11,11 November
-97.758536,30.417972,11,11 November
-97.328679,27.711997,11,11 November
-97.328769,27.669295,11,11 November
-97.222709,27.620564,11,11 November
-97.047493,28.053274,11,11 November
-97.047502,28.053271,11,11 November
-97.222716,27.620563,11,11 November
-97.882775,28.066969,11,11 November
-97.882737,28.06694,11,11 November
-97.328897,27.669338,11,11 November
-97.285434,27.668882,11,11 November
-97.328986,27.669321,11,11 November
-97.826985,30.244882,11,11 November
-97.222711,27.620558,11,11 November
-97.758536,30.417972,11,11 November
-97.222721,27.62056,11,11 November
-97.328929,27.669638,11,11 November
-97.22272,27.620569,11,11 November
-97.222722,27.620549,11,11 November
-97.222723,27.620561,11,11 November
-97.547208,30.350126,11,11 November
-97.533114,30.348912,11,11 November
-97.685379,30.503117,11,11 November
-97.383688,30.349428,11,11 November
-97.047473,28.053262,11,11 November
-97.047462,28.053196,11,11 November
-98.571415,29.42372,11,11 November
-98.312046,29.470558,11,11 November
-97.648743,30.411838,11,11 November
-97.91749,30.233492,11,11 November
-73.982918,40.696973,11,11 November
-97.222714,27.620555,12,12 December
-95.481918,30.352339,12,12 December
-97.3048,30.837934,12,12 December
-97.328821,27.669384,12,12 December
-97.329166,27.669233,12,12 December
-97.758536,30.417972,12,12 December
-97.694939,30.428733,12,12 December
-97.547108,30.350241,12,12 December
-97.548671,30.541552,12,12 December
-97.437657,27.572054,12,12 December
-97.285561,27.668641,12,12 December
-97.437661,27.572058,12,12 December
-97.648937,30.41188,12,12 December
-98.28158,29.277216,12,12 December
-97.53308,30.348841,12,12 December
-97.533038,30.348844,12,12 December
-97.767953,30.259628,12,12 December
-81.35865,28.526808,12,12 December
-81.358703,28.526758,12,12 December
-80.144452,26.380272,12,12 December
-95.419722,29.0425,3,03 March
-99.180408,19.324549,3,03 March
-99.789,29.235855,5,05 May
-93.998056,34.462778,6,06 June
-97.826965,30.244813,7,07 July
-96.854251,32.92894,7,07 July
-81.517525,28.101273,7,07 July
-96.854158,32.928989,7,07 July
-97.758536,30.417972,7,07 July
-86.158552,34.205664,8,08 August
-97.167805,32.672139,8,08 August
-97.886644,30.209025,8,08 August
-97.466903,35.217095,8,08 August
-90.269464,38.556096,8,08 August
-86.158552,34.205664,8,08 August
-97.703514,30.527036,8,08 August
-97.758536,30.417972,8,08 August
-88.462937,41.855661,8,08 August
-97.012944,33.130018,8,08 August
-90.542065,38.947347,8,08 August
-64.596561,48.379401,8,08 August
-99.789,29.235855,8,08 August
-99.789,29.235855,8,08 August
-101.96247,33.530282,8,08 August
-99.789,29.235855,8,08 August
-79.806232,32.851528,8,08 August
-97.758536,30.417972,9,09 September
-97.886585,30.20875,9,09 September
-97.758536,30.417972,9,09 September
-97.374934,32.774598,9,09 September
-97.600456,35.590516,9,09 September
-86.158552,34.205664,9,09 September
-101.961912,33.531213,9,09 September
-101.961458,33.529363,9,09 September
-72.525512,43.13232,9,09 September
-96.843654,32.339638,9,09 September
-86.158552,34.205664,9,09 September
-97.440103,35.18973,9,09 September
-97.074254,33.021123,9,09 September
-87.06959,45.94852,9,09 September
-87.06985,45.9481,9,09 September
-86.96601,45.83945,9,09 September
-86.912,45.94297,9,09 September
-94.297112,35.334954,9,09 September
-78.84757,38.389537,9,09 September
-70.542953,41.919278,9,09 September
-101.962298,33.530354,10,10 October
-101.83875,33.526664,10,10 October
-87.539169,33.194817,10,10 October
-95.419512,29.042716,10,10 October
-78.898375,43.85359,10,10 October
-86.158552,34.205664,10,10 October
-95.419512,29.042716,10,10 October
-77.121026,38.919292,10,10 October
-101.961697,33.530103,10,10 October
-101.961697,33.528851,10,10 October
-97.391563,27.800033,10,10 October
-99.102966,19.257231,10,10 October
-97.462208,30.20553,10,10 October
-80.11594,43.928386,10,10 October
-74.0938,42.7155,10,10 October
-76.476135,42.453769,10,10 October
-76.476138,42.453771,10,10 October
-87.306681,37.247502,10,10 October
-73.144409,44.706038,10,10 October
-80.456098,42.576276,10,10 October
-97.580051,35.577894,10,10 October
-97.422958,30.371532,10,10 October
-80.452108,42.576683,10,10 October
-80.452141,42.576695,10,10 October
-97.520027,26.315592,10,10 October
-97.977709,29.572045,10,10 October
-96.547836,31.735584,10,10 October
-97.701645,26.164823,10,10 October
-54.3518,4.28467,10,10 October
-101.961869,33.52878,11,11 November
-101.961826,33.528887,11,11 November
-98.113982,30.198586,11,11 November
-99.149261,26.584498,11,11 November
-97.532993,30.347828,11,11 November
-101.962212,33.529388,11,11 November
-97.547127,30.350261,11,11 November
-98.114175,30.198646,11,11 November
-81.574801,28.366169,11,11 November
-97.222796,27.620323,11,11 November
-100.000689,29.604462,11,11 November
-98.375367,30.603563,11,11 November
-95.419511,29.042716,11,11 November
-97.336973,32.720708,11,11 November
-97.014771,32.310117,11,11 November
-95.419511,29.042716,11,11 November
-97.000127,32.657821,11,11 November
-97.935713,29.896067,11,11 November
-97.542722,30.255498,11,11 November
-100.204798,25.671342,11,11 November
-100.204803,25.671434,11,11 November
-97.047598,28.053237,11,11 November
-97.5366,30.233443,12,12 December
-95.419511,29.042716,12,12 December
-95.419511,29.042716,12,12 December
-97.801895,30.225537,12,12 December
-97.758602,30.417984,1,01 January
-95.419722,29.0425,1,01 January
-95.434386,29.033858,1,01 January
-97.758602,30.417984,2,02 February
-95.419722,29.0425,2,02 February
-96.777819,32.992337,2,02 February
-60.94153,14.4861,3,03 March
-95.419722,29.0425,4,04 April
-95.765534,29.806641,4,04 April
-97.325351,32.538967,5,05 May
-92.079545,30.62071,7,07 July
-97.015981,32.311645,7,07 July
-97.01597,32.311663,7,07 July
-97.015983,32.311688,7,07 July
-96.692081,32.85547,7,07 July
-86.70687,33.559012,8,08 August
-77.552537,37.65657,8,08 August
-86.790549,33.41161,8,08 August
-86.790549,33.41161,8,08 August
-86.790586,33.411628,8,08 August
-86.790586,33.411628,8,08 August
-86.790546,33.411638,8,08 August
-72.526846,43.132372,8,08 August
-86.701206,33.579709,8,08 August
-73.13012,44.7392,8,08 August
-70.857802,42.499958,8,08 August
-86.179825,32.343639,8,08 August
-76.694673,39.164859,8,08 August
-76.752228,39.187516,8,08 August
-76.742007,39.039695,8,08 August
-76.702807,39.150877,8,08 August
-86.790458,33.411611,8,08 August
-84.2008,39.667476,8,08 August
-97.758536,30.417972,8,08 August
-83.375151,33.776505,8,08 August
-64.618639,46.38926,8,08 August
-87.793647000000007,33.334841,8,08 August
-64.618636,46.389258,8,08 August
-64.618637,46.389257,8,08 August
-87.47029,33.264404999999996,8,08 August
-87.484405,33.262237,8,08 August
-87.792108,32.957693,8,08 August
-83.388391,33.918497,8,08 August
-83.388391,33.918497,8,08 August
-86.707741,33.558524,9,09 September
-97.001947,32.525353,9,09 September
-82.370692,35.5445,9,09 September
-82.370691,35.544504,9,09 September
-96.62018,32.997491,9,09 September
-86.790428,33.411604,9,09 September
-86.790442,33.411593,9,09 September
-86.790442,33.411593,9,09 September
-86.790605,33.411479,9,09 September
-72.526846,43.132372,9,09 September
-97.69846,30.312823,9,09 September
-96.70306,32.890108,9,09 September
-97.07129,32.795778,9,09 September
-97.770944,30.463897,9,09 September
-97.667803,29.886862,9,09 September
-96.664761,32.932838,9,09 September
-96.653733,32.887767,9,09 September
-95.419722,29.0425,9,09 September
-97.770934,30.463877,9,09 September
-82.370695,35.544495,9,09 September
-82.37069,35.544517,9,09 September
-86.790632,33.411617,9,09 September
-97.601168,35.590673,9,09 September
-86.790619,33.411647,9,09 September
-72.53195,42.991767,9,09 September
-76.698689,39.148306,9,09 September
-76.651167,39.17437,9,09 September
-79.462915,43.65126,9,09 September
-96.716813,33.17876,9,09 September
-97.015981,32.311775,9,09 September
-74.866,44.982,9,09 September
-102.399395,30.144788,9,09 September
-73.13012,44.7392,9,09 September
-97.056533,32.665264,9,09 September
-64.618642,46.38926,9,09 September
-80.456098,42.576276,9,09 September
-76.388336,44.141577,9,09 September
-76.388336,44.141577,9,09 September
-99.789,29.235855,9,09 September
-87.484452,33.261845,9,09 September
-97.758536,30.417972,9,09 September
-76.822203,39.001287,9,09 September
-96.613077,32.999802,10,10 October
-97.015938,32.311812,10,10 October
-86.790497,33.411645,10,10 October
-95.419722,29.0425,10,10 October
-98.11418,30.198655,10,10 October
-82.37073,35.544474,10,10 October
-96.669027,33.054761,10,10 October
-82.370686,35.544512,10,10 October
-86.790489,33.411632,10,10 October
-76.64533,39.129577,10,10 October
-116.99645,32.849713,10,10 October
-79.057924,35.829226,10,10 October
-80.357697,43.381569,10,10 October
-76.822203,39.001287,10,10 October
-99.789,29.235855,10,10 October
-99.789,29.235855,10,10 October
-87.482273,33.265272,10,10 October
-88.296476,47.411864,10,10 October
-82.370691,35.544508,11,11 November
-95.419722,29.0425,11,11 November
-95.419722,29.0425,11,11 November
-97.703532,30.527111,11,11 November
-95.419722,29.0425,11,11 November
-95.419722,29.0425,11,11 November
-81.638706,28.344245,5,05 May
-98.123923,31.703766,6,06 June
-100.227328,33.133431,6,06 June
-96.965863,18.882389,7,07 July
-97.014929,32.311411,8,08 August
-85.106564,34.989871,8,08 August
-75.863067,45.363005,8,08 August
-84.904225,45.925011,8,08 August
-76.733432,39.007501,9,09 September
-76.66764,39.062813,9,09 September
-95.419722,29.0425,9,09 September
-94.490513000000007,32.68438,9,09 September
-95.419722,29.0425,9,09 September
-79.769352,43.68947,9,09 September
-64.618661,46.389245,9,09 September
-64.618661,46.389245,9,09 September
-100.963462,40.649492,9,09 September
-100.963424,40.649491,9,09 September
-100.963444,40.64949,9,09 September
-100.963447,40.649491,9,09 September
-93.12335,31.508533,9,09 September
-95.434386,29.033858,9,09 September
-90.423611,47.82351,9,09 September
-82.530186,42.655867,9,09 September
-74.518,40.67235,9,09 September
-96.642414,32.81435,10,10 October
-97.758602,30.417984,10,10 October
-96.700879,32.898133,10,10 October
-82.370638,35.544421,10,10 October
-97.698227,30.209702,10,10 October
-104.61014,38.284479,10,10 October
-95.419722,29.0425,11,11 November
-94.101846,30.086046,11,11 November
-95.419722,29.0425,12,12 December
-95.419722,29.0425,12,12 December
-60.91221,14.50857,3,03 March
-60.91221,14.50857,4,04 April
-60.9389,14.7554,5,05 May
-103.894625,30.588211,6,06 June
-98.292273,34.780347,6,06 June
-76.852233,38.997118,7,07 July
-82.370611,35.544437,8,08 August
-82.370626,35.544439,8,08 August
-97.109358,33.242657,8,08 August
-96.760096,32.930831,8,08 August
-93.777121,32.30734,8,08 August
-102.394032,30.142408,8,08 August
-94.358822,36.169246,8,08 August
-103.650556,30.351667,8,08 August
-82.37062,35.544431,9,09 September
-82.37062,35.544436,9,09 September
-86.158552,34.205664,9,09 September
-97.758536,30.417972,9,09 September
-96.705698,32.970727,9,09 September
-83.372699,33.948107,9,09 September
-94.09089,32.7024,9,09 September
-82.765484,43.074471,9,09 September
-94.400478,31.046583,9,09 September
-76.67405,39.030375,9,09 September
-76.67405,39.030375,9,09 September
-97.758602,30.417984,10,10 October
-97.648712,30.411814,10,10 October
-86.158552,34.205664,10,10 October
-97.758536,30.417972,10,10 October
-96.081946,36.140089,10,10 October
-95.419855,29.042592,12,12 December
-94.815908,30.004966,3,03 March
-96.857758,30.455485,4,04 April
-99.712554,29.495232,9,09 September
-98.123064,26.183685,10,10 October
-98.144171,27.226987,10,10 October
-88.172623,47.457132,10,10 October
-97.758536,30.417972,11,11 November
-60.91221,14.50857,3,03 March
-60.91221,14.50857,3,03 March
-60.91221,14.50857,3,03 March
-60.91221,14.50857,3,03 March
-106.758933,32.28074,7,07 July
-80.579511,35.408752,7,07 July
-84.555426,39.192275,8,08 August
-94.721873,33.031793,8,08 August
-51.886,3.802,8,08 August
-81.739698,40.793772,8,08 August
-81.331219,40.963669,8,08 August
-81.331219,40.963669,9,09 September
-93.125867,31.505717,9,09 September
-93.125867,31.505717,9,09 September
-88.930435,37.376226,9,09 September
-97.758536,30.417972,10,10 October
-87.07125,45.931352,10,10 October
-97.758536,30.417972,11,11 November
-93.738849,32.491567,11,11 November
-53.21224,3.62116,11,11 November
-97.758536,30.417972,12,12 December
-83.204445,8.699167,2,02 February
-102.13855,26.8775,6,06 June
-102.01695,26.80562,6,06 June
-102.01695,26.80562,6,06 June
-102.13855,26.8775,6,06 June
-102.01695,26.80562,6,06 June
-84.218611,30.657778,8,08 August
-84.076944,30.855,8,08 August
-102.01695,26.80562,9,09 September
-102.01695,26.80562,9,09 September
-97.75161,30.265036,9,09 September
-95.666667,49.233333,10,10 October
-86.644192,36.022863,11,11 November
-96.625838,34.488703,6,06 June
-80.13,43.54,7,07 July
-80.13,43.54,7,07 July
-80.8246,33.8279,8,08 August
-80.8033,33.8335,8,08 August
-80.819,33.831,8,08 August
-74.484264,40.563172,8,08 August
-80.771049,43.126866,8,08 August
-104.552993,32.140874,8,08 August
-73.829439,40.940382,9,09 September
-73.829439,40.940382,9,09 September
-80.824,33.823,9,09 September
-80.8635,33.8329,9,09 September
-80.819,33.831,9,09 September
-80.87,33.814,9,09 September
-80.818,33.829,9,09 September
-80.8254,33.8206,9,09 September
-80.822,33.823,9,09 September
-80.818,33.829,9,09 September
-80.8254,33.8206,9,09 September
-80.822,33.823,9,09 September
-80.819,33.83,9,09 September
-80.8254,33.8206,9,09 September
-80.818,33.829,9,09 September
-80.6421,33.7627,9,09 September
-80.818,33.829,9,09 September
-80.818,33.829,9,09 September
-80.6421,33.7627,9,09 September
-80.8254,33.8206,9,09 September
-80.8658,33.809,9,09 September
-80.6411,33.7639,9,09 September
-80.8254,33.8206,9,09 September
-80.818,33.829,9,09 September
-80.818,33.829,9,09 September
-70.56,41.63,9,09 September
-70.56,41.63,9,09 September
-70.65,41.53,9,09 September
-70.67,41.53,9,09 September
-70.65,41.53,9,09 September
-70.65,41.53,9,09 September
-70.54,41.61,9,09 September
-70.54,41.61,9,09 September
-70.54,41.61,9,09 September
-70.65,41.53,9,09 September
-70.65,41.53,9,09 September
-70.65,41.53,9,09 September
-70.65,41.53,9,09 September
-70.65,41.53,9,09 September
-70.662388000000007,41.523872,9,09 September
-70.671797,41.526933,9,09 September
-80.819,33.831,10,10 October
-80.8232,33.8281,10,10 October
-80.8635,33.8329,10,10 October
-80.822,33.823,10,10 October
-80.818,33.829,10,10 October
-96.926147,36.707538,10,10 October
-97.758544,30.417989,11,11 November
-88.824167,33.455556,11,11 November
-89.464996,20.101,7,07 July
-89.464996,20.101,7,07 July
-89.464996,20.101,7,07 July
-89.464996,20.101,7,07 July
-89.464996,20.101,7,07 July
-89.464996,20.101,7,07 July
-89.464996,20.101,7,07 July
-89.464996,20.101,7,07 July
-89.464996,20.101,7,07 July
-89.464996,20.101,7,07 July
-89.464996,20.101,7,07 July
-89.464996,20.101,7,07 July
-89.464996,20.101,7,07 July
-89.464996,20.101,7,07 July
-89.464996,20.101,7,07 July
-89.464996,20.101,7,07 July
-89.464996,20.101,7,07 July
-89.464996,20.101,7,07 July
-89.464996,20.101,7,07 July
-89.464996,20.101,7,07 July
-89.464996,20.101,7,07 July
-89.464996,20.101,7,07 July
-89.464996,20.101,7,07 July
-89.464996,20.101,7,07 July
-89.464996,20.101,7,07 July
-89.464996,20.101,7,07 July
-89.464996,20.101,7,07 July
-89.464996,20.101,7,07 July
-88.733611,33.429722,8,08 August
-88.733611,33.429722,8,08 August
-88.735556,33.511389,9,09 September
-88.735556,33.511389,9,09 September
-76.40637,44.858747,9,09 September
-84.240987,41.731507,9,09 September
-89.464996,20.101,10,10 October
-88.664722,18.290833,2,02 February
-85.31,10.97,3,03 March
-106.333359,32.779026,7,07 July
-83.191405,9.92573,9,09 September
-97.439478,35.222567,9,09 September
-88.664722,18.290833,11,11 November
-85.63,10.82,12,12 December
-84.31528,10.053638,4,04 April
-83.063523,9.822795,5,05 May
-85.47,10.89,8,08 August
-106.333359,32.779026,8,08 August
-106.333359,32.779026,8,08 August
-106.333359,32.779026,8,08 August
-106.314209,32.868805,9,09 September
-79.33023,43.631934,9,09 September
-115.019167,32.95,9,09 September
-83.397802,8.546089,10,10 October
-82.461111,32.5375,10,10 October
-106.314209,32.868805,10,10 October
-106.314209,32.868805,10,10 October
-106.314209,32.868805,10,10 October
-106.314209,32.868805,10,10 October
-79.33023,43.631934,10,10 October
-95.854712,36.269539,10,10 October
-85.982337,41.990885,10,10 October
-85.39,10.88,1,01 January
-106.72836,34.74089,3,03 March
-106.457245,35.063936,4,04 April
-85.46,11,8,08 August
-84.232688,32.072386,8,08 August
-84.155741,31.578507,8,08 August
-84.232688,32.072386,8,08 August
-95.980818,36.747311,8,08 August
-75.339876,44.813529,9,09 September
-100.519871,36.816137,9,09 September
-85.46,11,10,10 October
-94.963017,36.693687,10,10 October
-89.355722,17.871719,11,11 November
-66.490278,18.171944,6,06 June
-66.490278,18.171944,6,06 June
-66.490278,18.171944,6,06 June
-66.490278,18.171944,6,06 June
-66.490278,18.171944,6,06 June
-66.490278,18.171944,6,06 June
-66.490278,18.171944,6,06 June
-66.491944,18.1725,6,06 June
-99.225373,35.432109,6,06 June
-72.18,46.09,7,07 July
-95.264137,36.620364,7,07 July
-67.07,45.08,8,08 August
-81.974838,33.47097,8,08 August
-81.366667,44.5,8,08 August
-72.45,45.65,9,09 September
-80.14,43.54,9,09 September
-73.09,45.69,9,09 September
-80.14,43.54,9,09 September
-87.039167,33.057778,9,09 September
-98.94952,34.697291,9,09 September
-99.24924,37.55443,10,10 October
-85.682682,9.984868,6,06 June
-116.839167,34.338167,7,07 July
-96.595,39.102,9,09 September
-96.595,39.102,9,09 September
-96.605833,39.102167,10,10 October
-96.605833,39.102167,10,10 October
-96.605833,39.102167,10,10 October
-96.605833,39.102167,10,10 October
-96.605833,39.102167,10,10 October
-96.605833,39.102167,10,10 October
-96.605833,39.102167,10,10 October
-96.605833,39.102167,10,10 October
-96.595667,39.104333,7,07 July
-96.605833,39.102167,7,07 July
-80.41,42.58,8,08 August
-96.595833,39.104667,9,09 September
-96.683167,39.201667,9,09 September
-96.595833,39.104667,9,09 September
-96.595833,39.104667,9,09 September
-96.683167,39.201667,9,09 September
-96.595833,39.104667,9,09 September
-96.683167,39.201667,9,09 September
-96.595833,39.104667,9,09 September
-96.683167,39.201667,9,09 September
-96.683167,39.201667,9,09 September
-96.595833,39.104667,9,09 September
-85.124627,46.629118,9,09 September
-88.454006,47.246592,9,09 September
-96.595833,39.104667,10,10 October
-96.595833,39.104667,11,11 November
-82.456389,32.520833,6,06 June
-80.14,43.54,8,08 August
-80.14,43.54,8,08 August
-80.14,43.54,8,08 August
-80.14,43.54,8,08 August
-112.163,36.102,9,09 September
-80.14,43.54,9,09 September
-88.454006,47.246592,9,09 September
-80.14,43.54,10,10 October
-80.14,43.54,10,10 October
-80.14,43.54,10,10 October
-88.828889,33.379722,6,06 June
-85.383266,10.366668,1,01 January
-83.24777,8.680677,3,03 March
-83.232314,8.690608,3,03 March
-83.232314,8.690608,3,03 March
-83.232314,8.690608,3,03 March
-85.402787,10.011244,4,04 April
-85.866391,41.904467,6,06 June
-116.411,32.872,8,08 August
-116.411,32.872,8,08 August
-87.819444,30.416111,10,10 October
-87.819444,30.416111,10,10 October
-87.830833,30.228611,10,10 October
-68.29,47.373,9,09 September
-86.026219,35.876235,10,10 October
-86.026219,35.876235,10,10 October
-86.026219,35.876235,10,10 October
-86.026219,35.876235,10,10 October
-84.871361,45.919763,8,08 August
-84.871361,45.919763,8,08 August
-68.222,47.358,8,08 August
-84.28336,45.633825,9,09 September
-68.222,47.358,9,09 September
-68.222,47.358,9,09 September
-68.222,47.358,9,09 September
-68.222,47.358,9,09 September
-68.222,47.358,9,09 September
-68.29,47.373,9,09 September
-68.222,47.358,9,09 September
-68.222,47.358,9,09 September
-88.454006,47.246592,10,10 October
-85.750545,41.859698,10,10 October
-92.334072,38.951705,9,09 September
-87.830833,30.228611,10,10 October
-86.639069,41.855433,10,10 October
-84.608124,9.774233,6,06 June
-93.588889,32.488611,8,08 August
-93.591389,32.483333,8,08 August
-93.591389,32.483333,8,08 August
-93.588889,32.488611,8,08 August
-85.847638,41.904362,9,09 September
-68.222,47.358,9,09 September
-87.830833,30.228611,10,10 October
-85.351913,10.776784,6,06 June
-87.469444,31.723056,7,07 July
-81.1333,41.7167,9,09 September
-85.254128,45.139994,9,09 September
-85.254128,45.139994,9,09 September
-88.454006,47.246592,9,09 September
-88.454006,47.246592,9,09 September
-88.454006,47.246592,9,09 September
-85.866391,41.904467,10,10 October
-83.283128,8.759387,3,03 March
-84.79662,10.276723,8,08 August
-87.830833,30.228611,8,08 August
-84.994966,10.610459,9,09 September
-68.716698,18.6667,11,11 November
-68.716698,18.6667,11,11 November
-85.731015,10.901925,5,05 May
-83.742005,10.64405,8,08 August
-85.847638,41.904362,8,08 August
-93.088056,29.945,9,09 September
-93.088056,29.945,9,09 September
-93.260833,30.312222,9,09 September
-93.088056,29.945,9,09 September
-93.088056,29.945,9,09 September
-93.088056,29.945,9,09 September
-83.742005,10.64405,10,10 October
-84.132806,9.387728,10,10 October
-84.132806,9.387728,10,10 October
-84.132806,9.387728,10,10 October
-89.297778,30.666667,10,10 October
-89.297778,30.666667,10,10 October
-85.429477,10.992609,11,11 November
-83.591289,8.480171,12,12 December
-83.566714,8.679096,6,06 June
-83.566714,8.679096,6,06 June
-84.608119,9.767453,6,06 June
-84.788847,10.893812,6,06 June
-85.429477,10.992609,7,07 July
-83.566714,8.679096,7,07 July
-83.566714,8.679096,7,07 July
-83.566714,8.679096,7,07 July
-85.629722,34.383611,9,09 September
-93.088056,29.945,10,10 October
-82.792936,8.891473,3,03 March
-84.012223,10.059448,6,06 June
-84.050228,10.401256,7,07 July
-84.132806,9.387728,7,07 July
-85.429477,10.992609,7,07 July
-85.429477,10.992609,7,07 July
-85.429477,10.992609,7,07 July
-53.67837,5.00471,7,07 July
-53.67837,5.00471,7,07 July
-53.67837,5.00471,7,07 July
-53.67837,5.00471,7,07 July
-53.67837,5.00471,7,07 July
-53.67837,5.00471,7,07 July
-53.67837,5.00471,7,07 July
-53.67837,5.00471,7,07 July
-53.67837,5.00471,7,07 July
-53.67837,5.00471,7,07 July
-53.67837,5.00471,7,07 July
-53.67837,5.00471,7,07 July
-53.67837,5.00471,7,07 July
-53.67837,5.00471,7,07 July
-53.67837,5.00471,7,07 July
-53.67837,5.00471,7,07 July
-53.67837,5.00471,7,07 July
-53.67837,5.00471,7,07 July
-53.67837,5.00471,7,07 July
-53.67837,5.00471,7,07 July
-53.67837,5.00471,7,07 July
-53.67837,5.00471,7,07 July
-53.67837,5.00471,7,07 July
-53.67837,5.00471,7,07 July
-53.67837,5.00471,7,07 July
-53.67837,5.00471,7,07 July
-53.67837,5.00471,7,07 July
-53.67837,5.00471,7,07 July
-53.67837,5.00471,7,07 July
-53.67837,5.00471,7,07 July
-53.67837,5.00471,7,07 July
-53.67837,5.00471,7,07 July
-53.67837,5.00471,7,07 July
-53.67837,5.00471,7,07 July
-53.67837,5.00471,7,07 July
-53.67837,5.00471,7,07 July
-53.67837,5.00471,7,07 July
-84.132806,9.387728,8,08 August
-83.716512,10.594274,8,08 August
-83.716512,10.594274,8,08 August
-106.880603,40.293314,10,10 October
-82.836438,8.949445,12,12 December
-80.8833,41.6167,9,09 September
-83.566714,8.679096,10,10 October
-85.429477,10.992609,1,01 January
-85.429477,10.992609,1,01 January
-85.429477,10.992609,1,01 January
-85.429477,10.992609,1,01 January
-85.982337,41.990885,7,07 July
-85.429477,10.992609,7,07 July
-85.429477,10.992609,7,07 July
-85.429477,10.992609,7,07 July
-85.429477,10.992609,7,07 July
-85.429477,10.992609,7,07 July
-82.955867,8.795974,7,07 July
-86.194709,41.891299,10,10 October
-85.429477,10.992609,11,11 November
-85.429477,10.992609,11,11 November
-85.429477,10.992609,11,11 November
-85.573539,10.865507,12,12 December
-85.471332,10.928272,6,06 June
-81.2578,40.9067,6,06 June
-85.541069,10.983166,11,11 November
-85.541069,10.983166,11,11 November
-85.541069,10.983166,11,11 November
-82.955867,8.795974,11,11 November
-85.541069,10.983166,11,11 November
-85.541069,10.983166,11,11 November
-85.541069,10.983166,11,11 November
-85.541069,10.983166,12,12 December
-84.011307,10.063063,2,02 February
-84.011307,10.063063,2,02 February
-97.7431,30.2672,2,02 February
-81.241761,31.477446,8,08 August
-81.241761,31.477446,8,08 August
-81.241761,31.477446,8,08 August
-81.241761,31.477446,8,08 August
-81.241761,31.477446,8,08 August
-81.0657,41.5476,9,09 September
-81.0657,41.5476,9,09 September
-83.89,39.69,9,09 September
-80.4681,25.5236,11,11 November
-85.454435,11.063041,2,02 February
-84.0091,10.431958,3,03 March
-106.77778,32.31222,6,06 June
-110.269907,31.475908,6,06 June
-84.011307,10.063063,8,08 August
-81.1757,41.4261,9,09 September
-81.0657,41.5476,9,09 September
-81.0657,41.5476,9,09 September
-81.3875,41.5191,10,10 October
-84.178152,10.260295,4,04 April
-61.45619,16.23001,12,12 December
-61.73797,16.05111,3,03 March
-85.615491,10.83641,5,05 May
-61.73625,16.32225,5,05 May
-61.73625,16.32225,6,06 June
-83.377936,33.960948,8,08 August
-83.377936,33.960948,8,08 August
-61.45619,16.23001,8,08 August
-85.615491,10.83641,1,01 January
-80.366166,25.1804,3,03 March
-95.074,29.583,7,07 July
-95.074,29.583,7,07 July
-95.074,29.583,7,07 July
-61.45406,16.50111,7,07 July
-95.074,29.583,8,08 August
-95.074,29.583,8,08 August
-80.10949,37.38263,9,09 September
-82.87153,30.988542,9,09 September
-95.074,29.583,9,09 September
-95.074,29.583,9,09 September
-95.074,29.583,9,09 September
-95.074,29.583,9,09 September
-95.074,29.583,9,09 September
-95.074,29.583,9,09 September
-61.26912,16.22857,9,09 September
-61.7374,16.14149,9,09 September
-61.26912,16.22857,9,09 September
-61.26912,16.22857,9,09 September
-72.123816,41.953431,10,10 October
-83.591289,8.480171,1,01 January
-83.591289,8.480171,1,01 January
-83.433481,33.883412,7,07 July
-84.178152,10.260295,8,08 August
-80.13421,37.0818,8,08 August
-83.433481,33.883412,8,08 August
-80.25532,37.16847,9,09 September
-85.615491,10.83641,4,04 April
-83.514331,33.737344,6,06 June
-85.615491,10.83641,7,07 July
-85.615491,10.83641,7,07 July
-96.974983,32.850327,7,07 July
-96.974983,32.850327,7,07 July
-96.974983,32.850327,7,07 July
-96.974983,32.850327,7,07 July
-96.974983,32.850327,7,07 July
-96.974983,32.850327,7,07 July
-96.974983,32.850327,7,07 July
-96.974983,32.850327,7,07 July
-83.377936,33.960948,7,07 July
-83.465399,33.960917,7,07 July
-112.074037,33.448377,7,07 July
-112.074037,33.448377,7,07 July
-83.591289,8.480171,8,08 August
-83.591289,8.480171,8,08 August
-72.116,43.597873,8,08 August
-83.465399,33.960917,8,08 August
-83.465399,33.960917,8,08 August
-83.465399,33.960917,8,08 August
-83.377936,33.960948,8,08 August
-83.465399,33.960917,8,08 August
-83.465399,33.960917,8,08 August
-85.189884,34.288198,8,08 August
-83.465399,33.960917,8,08 August
-83.465399,33.960917,8,08 August
-83.465399,33.960917,8,08 August
-83.465399,33.960917,8,08 August
-83.465399,33.960917,8,08 August
-83.465399,33.960917,8,08 August
-83.465399,33.960917,8,08 August
-88.454006,47.246592,8,08 August
-72.116,43.597873,9,09 September
-83.377936,33.960948,9,09 September
-83.377936,33.960948,9,09 September
-83.377936,33.960948,9,09 September
-83.377936,33.960948,9,09 September
-83.377936,33.960948,9,09 September
-83.377936,33.960948,9,09 September
-83.377936,33.960948,9,09 September
-83.377936,33.960948,9,09 September
-83.377936,33.960948,9,09 September
-87.954143,45.801439,9,09 September
-88.454006,47.246592,9,09 September
-52.34837,4.83008,10,10 October
-85.615491,10.83641,3,03 March
-85.615491,10.83641,5,05 May
-84.808074,10.305187,6,06 June
-84.808074,10.305187,6,06 June
-84.808074,10.305187,6,06 June
-85.615491,10.83641,7,07 July
-85.615491,10.83641,7,07 July
-85.615491,10.83641,7,07 July
-85.615491,10.83641,7,07 July
-85.615491,10.83641,7,07 July
-85.615491,10.83641,7,07 July
-85.286009,10.75348,7,07 July
-85.286009,10.75348,7,07 July
-85.286009,10.75348,7,07 July
-85.286009,10.75348,7,07 July
-85.286009,10.75348,7,07 July
-85.286009,10.75348,7,07 July
-85.286009,10.75348,7,07 July
-106.313084,40.859697,8,08 August
-72.116,43.597873,10,10 October
-85.615491,10.83641,11,11 November
-85.615491,10.83641,11,11 November
-85.348394,10.819289,11,11 November
-85.615491,10.83641,12,12 December
-85.615491,10.83641,12,12 December
-84.808074,10.305187,12,12 December
-84.808074,10.305187,12,12 December
-84.808074,10.305187,12,12 December
-83.367332,33.951168,5,05 May
-85.615491,10.83641,6,06 June
-85.615491,10.83641,6,06 June
-85.615491,10.83641,7,07 July
-84.808074,10.305187,7,07 July
-83.377936,33.960948,7,07 July
-72.116,43.597873,9,09 September
-72.116,43.597873,9,09 September
-72.116,43.597873,9,09 September
-72.116,43.597873,9,09 September
-72.116,43.597873,9,09 September
-72.116,43.597873,9,09 September
-72.116,43.597873,9,09 September
-83.110148,34.28705,9,09 September
-83.588565,8.479267,11,11 November
-85.615491,10.83641,12,12 December
-85.615491,10.83641,12,12 December
-85.615491,10.83641,12,12 December
-85.615491,10.83641,12,12 December
-85.615491,10.83641,12,12 December
-85.615491,10.83641,12,12 December
-85.615491,10.83641,12,12 December
-85.615491,10.83641,12,12 December
-85.615491,10.83641,12,12 December
-85.615491,10.83641,12,12 December
-85.615491,10.83641,12,12 December
-85.615491,10.83641,12,12 December
-85.615491,10.83641,12,12 December
-85.615491,10.83641,12,12 December
-85.615491,10.83641,12,12 December
-85.615491,10.83641,12,12 December
-85.615491,10.83641,12,12 December
-85.615491,10.83641,12,12 December
-85.615491,10.83641,12,12 December
-85.615491,10.83641,12,12 December
-85.615491,10.83641,12,12 December
-85.615491,10.83641,12,12 December
-85.615491,10.83641,12,12 December
-85.615491,10.83641,12,12 December
-85.615491,10.83641,12,12 December
-85.615491,10.83641,12,12 December
-85.615491,10.83641,12,12 December
-85.615491,10.83641,12,12 December
-85.615491,10.83641,12,12 December
-85.615491,10.83641,12,12 December
-85.615491,10.83641,12,12 December
-85.615491,10.83641,12,12 December
-85.615491,10.83641,12,12 December
-85.615491,10.83641,12,12 December
-85.615491,10.83641,12,12 December
-85.615491,10.83641,12,12 December
-85.615491,10.83641,12,12 December
-85.615491,10.83641,12,12 December
-85.615491,10.83641,12,12 December
-85.615491,10.83641,12,12 December
-84.808074,10.305187,12,12 December
-84.808074,10.305187,12,12 December
-84.808074,10.305187,12,12 December
-85.615491,10.83641,12,12 December
-84.808074,10.305187,12,12 December
-84.808074,10.305187,12,12 December
-84.808074,10.305187,12,12 December
-84.808074,10.305187,12,12 December
-84.808074,10.305187,12,12 December
-84.808074,10.305187,12,12 December
-84.808074,10.305187,12,12 December
-84.808074,10.305187,12,12 December
-84.808074,10.305187,12,12 December
-84.808074,10.305187,12,12 December
-84.808074,10.305187,12,12 December
-84.808074,10.305187,12,12 December
-84.808074,10.305187,12,12 December
-84.808074,10.305187,12,12 December
-84.808074,10.305187,12,12 December
-84.28416,33.260869,7,07 July
-84.28416,33.260869,7,07 July
-94.875771,32.37175,7,07 July
-72.116,43.597873,8,08 August
-72.116,43.597873,8,08 August
-72.116,43.597873,8,08 August
-84.28416,33.260869,8,08 August
-74.91225,39.17847,9,09 September
-72.116,43.597873,9,09 September
-72.116,43.597873,9,09 September
-72.090412,42.10759,9,09 September
-72.116,43.597873,9,09 September
-72.116,43.597873,9,09 September
-72.116,43.597873,9,09 September
-83.525507,33.874802,9,09 September
-83.525507,33.874802,9,09 September
-83.525507,33.874802,9,09 September
-83.525507,33.874802,9,09 September
-83.525507,33.874802,9,09 September
-83.525507,33.874802,9,09 September
-83.525507,33.874802,9,09 September
-83.52556,33.874508,9,09 September
-83.52556,33.874508,9,09 September
-83.525507,33.874802,9,09 September
-83.525507,33.874802,9,09 September
-83.525507,33.874802,9,09 September
-83.525507,33.874802,9,09 September
-83.525507,33.874802,9,09 September
-83.525507,33.874802,9,09 September
-83.52556,33.874508,9,09 September
-83.525507,33.874802,9,09 September
-83.525507,33.874802,9,09 September
-83.525507,33.874802,9,09 September
-83.525507,33.874802,9,09 September
-83.525507,33.874802,9,09 September
-83.525507,33.874802,9,09 September
-83.525507,33.874802,9,09 September
-83.525507,33.874802,9,09 September
-83.525507,33.874802,9,09 September
-83.525507,33.874802,9,09 September
-83.525507,33.874802,9,09 September
-83.525507,33.874802,9,09 September
-83.525507,33.874802,9,09 September
-83.525507,33.874802,9,09 September
-83.525507,33.874802,9,09 September
-83.525507,33.874802,9,09 September
-83.525507,33.874802,9,09 September
-83.525507,33.874802,9,09 September
-83.525507,33.874802,9,09 September
-83.525507,33.874802,9,09 September
-83.525507,33.874802,9,09 September
-83.525507,33.874802,9,09 September
-83.525507,33.874802,9,09 September
-72.92861,41.30806,10,10 October
-74.91225,39.17847,10,10 October
-88.78866,33.45484,8,08 August
-106.77778,32.31222,8,08 August
-72.116,43.597873,9,09 September
-88.78866,33.45484,9,09 September
-72.116,43.597873,10,10 October
-72.116,43.597873,10,10 October
-71.804752,41.372944,8,08 August
-74.64766,39.64178,9,09 September
-83.367332,33.951168,9,09 September
-74.64766,39.64178,10,10 October
-73.062608,41.442874,10,10 October
-82.597385,39.187015,10,10 October
-74.82711,39.28928,11,11 November
-74.91225,39.17847,11,11 November
-74.64766,39.64178,11,11 November
-74.64766,39.64178,11,11 November
-74.82711,39.28928,11,11 November
-74.64766,39.64178,11,11 November
-84.28159,33.265392,7,07 July
-107.75864,32.268698,8,08 August
-84.28416,33.260869,9,09 September
-84.28416,33.260869,9,09 September
-84.28416,33.260869,9,09 September
-80.4475,25.08611,10,10 October
-61.399592,10.641441,4,04 April
-84.39376,42.820625,7,07 July
-70.698772,41.388775,8,08 August
-70.66939628318384,41.519953729087206,8,08 August
-84.39376,42.820625,8,08 August
-84.39376,42.820625,9,09 September
-84.39376,42.820625,9,09 September
-84.39376,42.820625,9,09 September
-61.4,10.63,10,10 October
-61.4,10.63,10,10 October
-61.399592,10.641441,10,10 October
-61.4201,10.6629,10,10 October
-61.399592,10.641441,10,10 October
-61.4,10.63,10,10 October
-61.399592,10.641441,10,10 October
-61.4,10.63,10,10 October
-61.4,10.63,10,10 October
-61.399592,10.641441,11,11 November
-61.399592,10.641441,11,11 November
-94.740489,32.500704,7,07 July
-84.592831,42.662049,9,09 September
-90.093128,29.961315,6,06 June
-90.093128,29.961315,6,06 June
-90.130074,29.947426,6,06 June
-90.093128,29.961315,6,06 June
-90.093128,29.961315,6,06 June
-90.093128,29.961315,6,06 June
-90.093128,29.961315,6,06 June
-90.093128,29.961315,6,06 June
-90.130074,29.947426,6,06 June
-90.093128,29.961315,6,06 June
-90.130074,29.947426,6,06 June
-90.093128,29.961315,6,06 June
-90.093128,29.961315,6,06 June
-90.093128,29.961315,6,06 June
-90.093128,29.961315,6,06 June
-90.093128,29.961315,6,06 June
-90.093128,29.961315,6,06 June
-90.093128,29.961315,6,06 June
-90.093128,29.961315,6,06 June
-90.093128,29.961315,6,06 June
-90.093128,29.961315,7,07 July
-90.441472,30.002704,7,07 July
-90.093128,29.961315,7,07 July
-90.093128,29.961315,7,07 July
-84.592831,42.662049,7,07 July
-96.134224,19.173773,7,07 July
-73.310673,41.631484,11,11 November
-61.399592,10.641441,4,04 April
-72.116,43.597873,9,09 September
-74.91225,39.17847,1,01 January
-74.91225,39.17847,1,01 January
-84.247212,43.615582,1,01 January
-61.4049,10.6524,8,08 August
-61.4049,10.6524,8,08 August
-103.205227,34.404799,8,08 August
-73.310673,41.631484,10,10 October
-84.176636,42.997805,10,10 October
-84.176636,42.997805,10,10 October
-84.176636,42.997805,10,10 October
-84.483865,42.736979,10,10 October
-84.483865,42.736979,10,10 October
-84.483865,42.736979,10,10 October
-84.176636,42.997805,10,10 October
-73.310673,41.631484,8,08 August
-79.27616,33.1185,7,07 July
-79.27616,33.1185,7,07 July
-79.27616,33.1185,7,07 July
-79.27616,33.1185,7,07 July
-79.27616,33.1185,7,07 July
-79.27616,33.1185,7,07 July
-79.27616,33.1185,7,07 July
-79.27616,33.1185,7,07 July
-79.27616,33.1185,8,08 August
-79.27616,33.1185,8,08 August
-79.27616,33.1185,8,08 August
-79.27616,33.1185,8,08 August
-104.22833,32.42056,7,07 July
-102.939052,29.574641,7,07 July
-83.367332,33.951168,10,10 October
-84.443584,42.579203,10,10 October
-84.443584,42.579203,9,09 September
-83.881608,41.743662,9,09 September
-84.443584,42.579203,9,09 September
-84.443584,42.579203,9,09 September
-84.443584,42.579203,9,09 September
-84.443584,42.579203,9,09 September
-84.483865,42.736979,10,10 October
-84.483865,42.736979,10,10 October
-84.483865,42.736979,10,10 October
-88.885308,30.396032,4,04 April
-88.885308,30.396032,6,06 June
-88.885308,30.396032,6,06 June
-85.412316,42.401696,8,08 August
-90.15313,29.966037,11,11 November
-84.363505,45.649947,7,07 July
-84.595949,44.907724,10,10 October
-73.310673,41.631484,11,11 November
-99.228488,18.933725,12,12 December
-84.595949,44.907724,10,10 October
-84.595949,44.907724,10,10 October
-84.595949,44.907724,10,10 October
-110.9747,32.2226,2,02 February
-84.39139,42.614282,9,09 September
-81.820679,26.642549,2,02 February
-71.9875,41.83,6,06 June
-84.008687,41.872589,8,08 August
-74.21678,40.2601,9,09 September
-74.21678,40.2601,9,09 September
-81.348,41.505,10,10 October
-73.867,40.946,9,09 September
-73.310673,41.631484,9,09 September
-81.33778950255409,27.189430104065945,1,01 January
-65.568638000000007,43.565156,8,08 August
-73.310673,41.631484,8,08 August
-73.310673,41.631484,9,09 September
-72.67131,40.942723,7,07 July
-72.67131,40.942723,7,07 July
-73.867,40.946,8,08 August
-63.87667,44.49528,8,08 August
-110.880087,31.725088,8,08 August
-110.880087,31.725088,8,08 August
-63.87667,44.49528,9,09 September
-63.87667,44.49528,9,09 September
-63.87667,44.49528,9,09 September
-63.87667,44.49528,9,09 September
-91.112756,41.483922,9,09 September
-83.938244,33.034296,10,10 October
-81.33778950255409,27.189430104065945,12,12 December
-81.33778950255409,27.189430104065945,12,12 December
-81.33778950255409,27.189430104065945,12,12 December
-81.33778950255409,27.189430104065945,12,12 December
-73.326018,40.695134,9,09 September
-74.276,40.26,8,08 August
-74.276,40.26,9,09 September
-74.276,40.26,9,09 September
-74.276,40.26,9,09 September
-74.276,40.26,9,09 September
-61.37,15.31,7,07 July
-96.7898,46.8772,7,07 July
-102.076486,30.224962,8,08 August
-81.5267,41.5931,8,08 August
-102.076486,30.224962,10,10 October
-102.076486,30.224962,10,10 October
-61.399592,10.641441,2,02 February
-63.62583,44.63583,8,08 August
-73.944,41.115,9,09 September
-81.5267,41.5931,9,09 September
-81.5267,41.5931,9,09 September
-81.5267,41.5931,9,09 September
-81.5267,41.5931,9,09 September
-81.5267,41.5931,10,10 October
-81.5267,41.5931,10,10 October
-81.5267,41.5931,10,10 October
-61.399592,10.641441,4,04 April
-61.399592,10.641441,4,04 April
-61.399592,10.641441,7,07 July
-73.419087,40.666446,10,10 October
-96.778126,32.76783,3,03 March
-80.48172,25.467764,8,08 August
-87.76534,41.99698,9,09 September
-83.941206,42.619641,9,09 September
-83.941206,42.619641,9,09 September
-85.919167,42.738889,9,09 September
-83.941206,42.619641,9,09 September
-83.941206,42.619641,9,09 September
-84.387982,33.748995,8,08 August
-84.387982,33.748995,8,08 August
-84.387982,33.748995,8,08 August
-84.466987,33.790283,8,08 August
-84.387982,33.748995,8,08 August
-84.387982,33.748995,8,08 August
-70.60939505091555,41.409955073655524,9,09 September
-61.399592,10.641441,1,01 January
-61.399592,10.641441,1,01 January
-61.399592,10.641441,1,01 January
-82.959094,42.700865,10,10 October
-84.483865,42.736979,7,07 July
-87.76534,41.99698,9,09 September
-61.399592,10.641441,11,11 November
-61.399592,10.641441,11,11 November
-61.399592,10.641441,11,11 November
-61.399592,10.641441,12,12 December
-61.399592,10.641441,12,12 December
-61.399592,10.641441,12,12 December
-61.399592,10.641441,7,07 July
-61.399592,10.641441,7,07 July
-61.399592,10.641441,7,07 July
-61.399592,10.641441,7,07 July
-61.399592,10.641441,7,07 July
-61.399592,10.641441,7,07 July
-61.399592,10.641441,7,07 July
-61.399592,10.641441,7,07 July
-61.399592,10.641441,7,07 July
-61.399592,10.641441,7,07 July
-61.399592,10.641441,7,07 July
-84.483865,42.736979,9,09 September
-84.483865,42.736979,8,08 August
-73.627858,41.030298,9,09 September
-84.483865,42.736979,9,09 September
-83.377936,33.960948,11,11 November
-83.367332,33.951168,11,11 November
-61.399592,10.641441,11,11 November
-61.399592,10.641441,11,11 November
-61.399592,10.641441,11,11 November
-83.04583,42.33139,9,09 September
-83.04583,42.33139,11,11 November
-61.399592,10.641441,7,07 July
-83.04583,42.33139,10,10 October
-83.04583,42.33139,10,10 October
-83.045754,42.331427,10,10 October
-85.8397,35.2401,8,08 August
-83.3576,33.9519,9,09 September
-85.8397,35.2401,9,09 September
-83.3576,33.9519,10,10 October
-93.0913,44.9544,9,09 September
-93.0913,44.9544,9,09 September
-93.0913,44.9544,9,09 September
-71.966462,41.354266,10,10 October
-71.966462,41.354266,11,11 November
-71.966462,41.354266,11,11 November
-71.966462,41.354266,10,10 October
-71.966462,41.354266,10,10 October
-71.966462,41.354266,11,11 November
-96.4049,42.4963,9,09 September
-96.4049,42.4963,9,09 September
-96.4049,42.4963,9,09 September
-96.4049,42.4963,9,09 September
-96.4049,42.4963,9,09 September
-96.4049,42.4963,9,09 September
-96.4049,42.4963,9,09 September
-96.4049,42.4963,10,10 October
-78.63882,35.7801,8,08 August
-95.0383,40.7419,10,10 October
-73.84514,41.19704,9,09 September
-73.84514,41.19704,9,09 September
-73.84514,41.19704,10,10 October
-71.42617,41.79788,10,10 October
-75.5606,39.7458,9,09 September
-93.0913,44.9544,11,11 November
-93.0913,44.9544,11,11 November
-93.1978,44.9694,8,08 August
-76.73343,39.0075,9,09 September
-83.742,10.64405,10,10 October
-84.13281,9.38773,10,10 October
-85.61549,10.83641,12,12 December
-84.80807,10.30519,6,06 June
-84.01131,10.06306,2,02 February
-84.17815,10.26029,8,08 August
-82.95587,8.79597,7,07 July
-83.23231,8.69061,3,03 March
-85.68268,9.98487,6,06 June
-85.54107,10.98317,11,11 November
-83.56671,8.6791,7,07 July
-72.18,46.09,7,07 July
-70.65,41.53,9,09 September
-86.79043,33.4116,9,09 September
-86.79061,33.41148,9,09 September
-95.41972,29.0425,9,09 September
-83.56671,8.6791,10,10 October
-84.05023,10.40126,7,07 July
-84.13281,9.38773,10,10 October
-84.60812,9.77423,6,06 June
-85.61549,10.83641,12,12 December
-85.61549,10.83641,12,12 December
-85.54107,10.98317,11,11 November
-85.34839,10.81929,11,11 November
-84.80807,10.30519,12,12 December
-83.56671,8.6791,6,06 June
-83.06352,9.8228,5,05 May
-85.42948,10.99261,11,11 November
-48.93,-25.3,3,03 March
-95.07414,29.58389,7,07 July
-81.7397,40.79377,8,08 August
-68.222,47.358,9,09 September
-45.7814,-12.09169,2,02 February
-58.82114,-13.54854,2,02 February
-83.28313,8.75939,3,03 March
-85.61549,10.83641,12,12 December
-83.742,10.64405,8,08 August
-85.31,10.97,3,03 March
-80.14,43.54,10,10 October
-86.17982,32.34364,8,08 August
-86.79055,33.41164,8,08 August
-97.7586,30.41798,10,10 October
-51.23474,-27.40103,10,10 October
-52.8216,-28.44937,10,10 October
-55.63741,-12.42282,10,10 October
-85.61549,10.83641,7,07 July
-85.61549,10.83641,12,12 December
-85.61549,10.83641,7,07 July
-85.61549,10.83641,12,12 December
-85.61549,10.83641,12,12 December
-85.28601,10.75348,7,07 July
-84.80807,10.30519,12,12 December
-83.23231,8.69061,3,03 March
-84.31528,10.05364,4,04 April
-70.56,41.63,9,09 September
-80.14,43.54,8,08 August
-80.14,43.54,10,10 October
-99.58278,24.8293,10,10 October
-102.01695,26.80562,6,06 June
-76.79004,39.18347,8,08 August
-95.07414,29.58389,9,09 September
-95.41972,29.0425,12,12 December
-97.07129,32.79578,9,09 September
-116.411,32.872,8,08 August
-85.61549,10.83641,12,12 December
-85.61549,10.83641,12,12 December
-85.61549,10.83641,12,12 December
-85.61549,10.83641,12,12 December
-85.28601,10.75348,7,07 July
-84.80807,10.30519,12,12 December
-83.56671,8.6791,6,06 June
-85.42948,10.99261,11,11 November
-85.42948,10.99261,11,11 November
-83.56671,8.6791,7,07 July
-84.01222,10.05945,6,06 June
-85.46,11,8,08 August
-80.14,43.54,8,08 August
-82.37062,35.54443,9,09 September
-95.07414,29.58389,7,07 July
-54.2673,-28.30075,11,11 November
-96.77782,32.99234,2,02 February
-116.411,32.872,8,08 August
-85.61549,10.83641,12,12 December
-85.61549,10.83641,12,12 December
-84.80807,10.30519,12,12 December
-84.80807,10.30519,7,07 July
-85.61549,10.83641,5,05 May
-85.61549,10.83641,5,05 May
-84.01131,10.06306,8,08 August
-76.66764,39.06281,9,09 September
-82.37061,35.54444,8,08 August
-82.37063,35.54444,8,08 August
-95.41985,29.04259,12,12 December
-96.65373,32.88777,9,09 September
-94.49051,32.68438,9,09 September
-54.87525,-15.32392,2,02 February
-85.61549,10.83641,4,04 April
-85.61549,10.83641,12,12 December
-85.28601,10.75348,7,07 July
-85.61549,10.83641,12,12 December
-84.80807,10.30519,12,12 December
-84.80807,10.30519,12,12 December
-84.80807,10.30519,12,12 December
-82.37064,35.54442,10,10 October
-85.63,10.82,12,12 December
-86.70774,33.55852,9,09 September
-95.07414,29.58389,9,09 September
-81.33122,40.96367,8,08 August
-85.42948,10.99261,1,01 January
-85.42948,10.99261,1,01 January
-85.61549,10.83641,12,12 December
-85.61549,10.83641,12,12 December
-85.61549,10.83641,12,12 December
-85.61549,10.83641,12,12 December
-84.01131,10.06306,2,02 February
-84.0091,10.43196,3,03 March
-84.80807,10.30519,12,12 December
-82.95587,8.79597,11,11 November
-73.09,45.69,9,09 September
-70.65,41.53,9,09 September
-48.87,-25.4,3,03 March
-73.13012,44.7392,8,08 August
-86.70121,33.57971,8,08 August
-72.52685,43.13237,9,09 September
-96.70088,32.89813,10,10 October
-96.66476,32.93284,9,09 September
-95.41972,29.0425,9,09 September
-97.32535,32.53897,5,05 May
-95.41972,29.0425,12,12 December
-68.222,47.358,9,09 September
-50.16324,-25.10549,12,12 December
-85.61549,10.83641,11,11 November
-85.61549,10.83641,7,07 July
-85.61549,10.83641,12,12 December
-85.61549,10.83641,7,07 July
-70.54,41.61,9,09 September
-70.54,41.61,9,09 September
-70.56,41.63,9,09 September
-70.65,41.53,9,09 September
-48.88,-25.36,3,03 March
-102.01695,26.80562,9,09 September
-102.13855,26.8775,6,06 June
-86.79055,33.41161,8,08 August
-95.07414,29.58389,9,09 September
-95.07414,29.58389,8,08 August
-96.70306,32.89011,9,09 September
-97.75854,30.41799,11,11 November
-84.13281,9.38773,8,08 August
-85.61549,10.83641,12,12 December
-85.61549,10.83641,7,07 July
-85.61549,10.83641,12,12 December
-85.61549,10.83641,12,12 December
-85.42948,10.99261,7,07 July
-84.80807,10.30519,12,12 December
-85.42948,10.99261,7,07 July
-84.80807,10.30519,12,12 December
-84.80807,10.30519,12,12 December
-84.80807,10.30519,12,12 December
-85.57354,10.86551,12,12 December
-48.89,-25.35,3,03 March
-85.47,10.89,8,08 August
-102.01695,26.80562,6,06 June
-68.7167,18.6667,11,11 November
-97.6678,29.88686,9,09 September
-95.07414,29.58389,8,08 August
-51.48177,-23.26803,10,10 October
-85.61549,10.83641,7,07 July
-84.60812,9.76745,6,06 June
-70.54,41.61,9,09 September
-70.65,41.53,9,09 September
-48.88,-25.35,4,04 April
-67.07,45.08,8,08 August
-86.70687,33.55901,8,08 August
-96.62018,32.99749,9,09 September
-86.79059,33.41163,8,08 August
-96.62018,32.99749,9,09 September
-95.41972,29.0425,1,01 January
-53.86863,-24.28076,12,12 December
-48.89,-25.35,3,03 March
-80.14,43.54,9,09 September
-85.61549,10.83641,12,12 December
-84.80807,10.30519,6,06 June
-83.59129,8.48017,1,01 January
-84.80807,10.30519,12,12 December
-84.80807,10.30519,12,12 December
-85.40279,10.01124,4,04 April
-97.7586,30.41798,10,10 October
-68.222,47.358,9,09 September
-80.41,42.58,8,08 August
-68.222,47.358,9,09 September
-85.42948,10.99261,1,01 January
-84.13281,9.38773,7,07 July
-85.61549,10.83641,12,12 December
-85.61549,10.83641,12,12 December
-85.28601,10.75348,7,07 July
-85.42948,10.99261,7,07 July
-84.17815,10.26029,4,04 April
-85.42948,10.99261,7,07 July
-70.65,41.53,9,09 September
-68.7167,18.6667,11,11 November
-95.41972,29.0425,2,02 February
-97.01598,32.31164,7,07 July
-95.41972,29.0425,9,09 September
-49.26203,-16.69934,3,03 March
-52.8024,-28.40597,10,10 October
-68.222,47.358,9,09 September
-85.61549,10.83641,12,12 December
-85.61549,10.83641,12,12 December
-85.61549,10.83641,12,12 December
-85.54107,10.98317,12,12 December
-85.54107,10.98317,11,11 November
-84.80807,10.30519,12,12 December
-85.45444,11.06304,2,02 February
-85.42948,10.99261,7,07 July
-84.78885,10.89381,6,06 June
-83.56671,8.6791,7,07 July
-80.13,43.54,7,07 July
-102.01695,26.80562,6,06 June
-99.583,24.82919,6,06 June
-76.65915,39.04561,8,08 August
-82.37069,35.5445,9,09 September
-70.6718,41.52693,9,09 September
-97.01597,32.31166,7,07 July
-97.01493,32.31141,8,08 August
-97.7586,30.41798,1,01 January
-97.7586,30.41798,2,02 February
-55.7388,-12.55456,3,03 March
-77.55254,37.65657,8,08 August
-85.61549,10.83641,12,12 December
-85.61549,10.83641,12,12 December
-85.61549,10.83641,12,12 December
-83.59129,8.48017,1,01 January
-99.58304,24.82934,10,10 October
-78.6875,-0.02194,10,10 October
-88.93043,37.37623,9,09 September
-92.07954,30.62071,7,07 July
-96.64241,32.81435,10,10 October
-46.02979,-12.12311,10,10 October
-68.222,47.358,9,09 September
-68.222,47.358,9,09 September
-84.79662,10.27672,8,08 August
-84.13281,9.38773,10,10 October
-85.61549,10.83641,12,12 December
-85.61549,10.83641,12,12 December
-85.61549,10.83641,12,12 December
-85.28601,10.75348,7,07 July
-83.59129,8.48017,8,08 August
-84.80807,10.30519,12,12 December
-102.01695,26.80562,9,09 September
-82.37062,35.54444,9,09 September
-51.17398,-23.30694,12,12 December
-95.41972,29.0425,4,04 April
-83.59129,8.48017,12,12 December
-85.35191,10.77678,6,06 June
-85.61549,10.83641,12,12 December
-85.61549,10.83641,7,07 July
-85.61549,10.83641,12,12 December
-85.28601,10.75348,7,07 July
-48.93,-25.3,3,03 March
-97.00195,32.52535,9,09 September
-49.35574,-18.0153,2,02 February
-47.33975,-15.54896,1,01 January
-68.222,47.358,9,09 September
-85.61549,10.83641,12,12 December
-85.61549,10.83641,12,12 December
-85.61549,10.83641,12,12 December
-85.47133,10.92827,6,06 June
-84.80807,10.30519,12,12 December
-83.24777,8.68068,3,03 March
-83.71651,10.59427,8,08 August
-85.42948,10.99261,7,07 July
-48.86,-25.39,2,02 February
-85.39,10.88,1,01 January
-80.14,43.54,8,08 August
-80.14,43.54,9,09 September
-95.07414,29.58389,9,09 September
-95.07414,29.58389,9,09 September
-86.79044,33.41159,9,09 September
-82.37069,35.5445,9,09 September
-97.01598,32.31169,7,07 July
-68.222,47.358,8,08 August
-68.29,47.373,9,09 September
-85.61549,10.83641,12,12 December
-85.61549,10.83641,6,06 June
-84.80807,10.30519,12,12 December
-83.3978,8.54609,10,10 October
-85.73102,10.90193,5,05 May
-70.67,41.53,9,09 September
-80.14,43.54,10,10 October
-95.07414,29.58389,9,09 September
-97.77094,30.4639,9,09 September
-85.61549,10.83641,7,07 July
-85.61549,10.83641,3,03 March
-85.38327,10.36667,1,01 January
-82.79294,8.89147,3,03 March
-80.14,43.54,8,08 August
-86.79055,33.41161,8,08 August
-70.8578,42.49996,8,08 August
-76.64701,39.00989,8,08 August
-95.07414,29.58389,7,07 July
-70.66239,41.52387,9,09 September
-53.45881,-24.96614,12,12 December
-84.80807,10.30519,12,12 December
-85.54107,10.98317,11,11 November
-83.23231,8.69061,3,03 March
-85.46,11,10,10 October
-64.1167,-30.3833,1,01 January
-86.79044,33.41159,9,09 September
-54.79914,-22.22809,2,02 February
-47.24653,-21.8258,12,12 December
-85.61549,10.83641,7,07 July
-85.42948,10.99261,7,07 July
-83.19141,9.92573,9,09 September
-85.54107,10.98317,11,11 November
-72.45,45.65,9,09 September
-70.65,41.53,9,09 September
-97.69849,30.31279,9,09 September
-47.82282,-21.16648,1,01 January
-85.42948,10.99261,1,01 January
-85.42948,10.99261,11,11 November
-84.99497,10.61046,9,09 September
-85.61549,10.83641,12,12 December
-85.61549,10.83641,6,06 June
-85.28601,10.75348,7,07 July
-84.80807,10.30519,6,06 June
-85.61549,10.83641,11,11 November
-85.42948,10.99261,7,07 July
-85.61549,10.83641,1,01 January
-85.42948,10.99261,7,07 July
-84.80807,10.30519,12,12 December
-85.54107,10.98317,11,11 November
-84.80807,10.30519,12,12 December
-80.13,43.54,7,07 July
-80.14,43.54,9,09 September
-76.85223,38.99712,7,07 July
-102.13855,26.8775,6,06 June
-68.29,47.373,9,09 September
-70.65,41.53,9,09 September
-70.65,41.53,9,09 September
-82.83644,8.94944,12,12 December
-85.61549,10.83641,12,12 December
-83.59129,8.48017,8,08 August
-83.58856,8.47927,11,11 November
-83.71651,10.59427,8,08 August
-72.52685,43.13237,8,08 August
-76.78436,39.07393,8,08 August
-96.69208,32.85547,7,07 July
-95.41972,29.0425,11,11 November
-86.816667,14.15,5,05 May
-86.816667,14.15,6,06 June
-86.816667,14.15,7,07 July
-86.816667,14.15,8,08 August
-86.816667,14.15,9,09 September
-86.916667,13.933333,6,06 June
-86.916667,13.933333,7,07 July
-86.916667,13.933333,8,08 August
-86.916667,13.933333,9,09 September
-86.816667,14.15,5,05 May
-86.816667,14.15,6,06 June
-86.816667,14.15,7,07 July
-86.816667,14.15,8,08 August
-86.816667,14.15,9,09 September
-86.916667,13.933333,5,05 May
-86.916667,13.933333,6,06 June
-86.916667,13.933333,7,07 July
-86.916667,13.933333,8,08 August
-86.916667,13.933333,9,09 September
-81.275,26.595,11,11 November
-81.275,26.595,3,03 March
-81.275,26.595,11,11 November
-81.275,26.595,3,03 March
-81.275,26.595,12,12 December
-81.275,26.595,3,03 March
-81.275,26.595,11,11 November
-81.275,26.595,4,04 April
-80.63321,25.55173,11,11 November
-80.63321,25.55173,2,02 February
-80.63321,25.55173,5,05 May
-80.63321,25.55173,11,11 November
-80.63321,25.55173,2,02 February
-80.63321,25.55173,12,12 December
-80.63321,25.55173,3,03 March
-80.63321,25.55173,11,11 November
-80.635,26.668611,12,12 December
-80.635,26.668611,2,02 February
-80.635,26.668611,11,11 November
-80.635,26.668611,4,04 April
-80.635,26.668611,4,04 April
-80.635,26.668611,12,12 December
-80.635,26.668611,4,04 April
-80.635,26.668611,12,12 December
-80.635,26.668611,4,04 April
-89.01,42.26,7,07 July
-87.08,30.39,10,10 October
-122.88,38.38,1,01 January
-77.65,37.51,8,08 August
-99.07,29.73,10,10 October
-80.71881,28.42843,11,11 November
-81.76052,28.03729,11,11 November
-76.43645,40.24094,10,10 October
-76.63265,40.4521,10,10 October
-79.96198,43.53733,9,09 September
-79.96207,43.53728,9,09 September
-77.3141,44.47636,10,10 October
-76.71486,39.10349,9,09 September
-76.71381,39.10323,9,09 September
-77.31224,44.47803,10,10 October
-79.14161,41.9353,10,10 October
-76.71552,39.10254,8,08 August
-75.2071,38.09331,10,10 October
-75.20709,38.09329,10,10 October
-77.63091,37.41702,9,09 September
-87.96974,43.19098,9,09 September
-76.7145,39.10351,8,08 August
-77.31407,44.47641,9,09 September
-79.67424,43.5651,9,09 September
-74.96866,39.28991,9,09 September
-75.2071,38.09333,10,10 October
-86.01417,37.44598,11,11 November
-86.01417,37.44598,7,07 July
-84.28584,30.49359,10,10 October
-86.15854,34.20573,7,07 July
-76.80737,40.64003,9,09 September
-76.82665,40.68342,9,09 September
-77.12228,40.72282,10,10 October
-76.27767,41.40066,9,09 September
-75.47784,41.4823,7,07 July
-94.57415,32.50437,9,09 September
-86.79051,33.41161,10,10 October
-94.29713,35.33498,9,09 September
-75.62458,40.47003,9,09 September
-75.83671,40.67693,11,11 November
-93.70512,32.44858,10,10 October
-75.03768,39.89152,10,10 October
-86.01417,37.44601,8,08 August
-84.0792,37.07507,9,09 September
-88.64218,40.25241,9,09 September
-76.71485,39.10302,9,09 September
-77.48402,37.5187,9,09 September
-76.71309,39.10328,9,09 September
-86.01417,37.446040000000004,8,08 August
-79.38173,39.39846,8,08 August
-93.70512,32.4486,6,06 June
-93.70529,32.44856,9,09 September
-78.24881,41.51479,10,10 October
-74.09383,42.71547,10,10 October
-75.22654,41.90916,8,08 August
-79.23697,40.66198,11,11 November
-78.31041,40.26917,7,07 July
-78.31041,40.26917,7,07 July
-78.31041,40.26917,8,08 August
-78.31041,40.26917,8,08 August
-78.28181,40.47228,7,07 July
-78.28181,40.47228,7,07 July
-78.28181,40.47228,8,08 August
-78.28181,40.47228,8,08 August
-78.28181,40.47228,8,08 August
-78.28181,40.47228,8,08 August
-78.23793,40.66267,7,07 July
-78.23793,40.66267,8,08 August
-78.23793,40.66267,8,08 August
-78.23793,40.66267,9,09 September
-77.88098,40.75824,7,07 July
-77.88098,40.75824,7,07 July
-77.88098,40.75824,7,07 July
-77.88098,40.75824,7,07 July
-77.88098,40.75824,8,08 August
-77.88098,40.75824,8,08 August
-77.88098,40.75824,8,08 August
-77.88098,40.75824,8,08 August
-77.88098,40.75824,8,08 August
-77.88098,40.75824,9,09 September
-77.88098,40.75824,9,09 September
-77.88098,40.75824,9,09 September
-78.00328,40.70558,6,06 June
-78.00328,40.70558,7,07 July
-78.00328,40.70558,7,07 July
-78.00328,40.70558,7,07 July
-78.00328,40.70558,7,07 July
-78.00328,40.70558,8,08 August
-78.00328,40.70558,8,08 August
-78.00328,40.70558,8,08 August
-78.00328,40.70558,8,08 August
-78.00328,40.70558,8,08 August
-78.00328,40.70558,9,09 September
-78.00328,40.70558,9,09 September
-78.00328,40.70558,9,09 September
-78.00328,40.70558,9,09 September
-78.02315,40.78296,7,07 July
-78.02315,40.78296,7,07 July
-78.02315,40.78296,7,07 July
-78.02315,40.78296,7,07 July
-78.02315,40.78296,8,08 August
-78.02315,40.78296,8,08 August
-78.02315,40.78296,8,08 August
-78.02315,40.78296,8,08 August
-78.02315,40.78296,9,09 September
-77.18197,41.01406,8,08 August
-77.18197,41.01406,8,08 August
-77.18197,41.01406,8,08 August
-77.18197,41.01406,8,08 August
-77.18197,41.01406,9,09 September
-80.26876,42.04369,8,08 August
-80.26876,42.04369,8,08 August
-80.26876,42.04369,8,08 August
-80.26876,42.04369,8,08 August
-80.26876,42.04369,8,08 August
-80.26876,42.04369,9,09 September
-80.26876,42.04369,9,09 September
-79.83294,42.20019,8,08 August
-79.83294,42.20019,8,08 August
-79.83294,42.20019,8,08 August
-79.83294,42.20019,8,08 August
-79.83294,42.20019,8,08 August
-79.83294,42.20019,9,09 September
-79.83294,42.20019,9,09 September
-79.83294,42.20019,9,09 September
-79.83294,42.20019,9,09 September
-79.83294,42.20019,10,10 October
-79.83294,42.20019,10,10 October
-79.83294,42.20019,10,10 October
-79.83294,42.20019,10,10 October
-79.83294,42.20019,10,10 October
-80.29607,42.03875,7,07 July
-80.29607,42.03875,7,07 July
-80.29607,42.03875,8,08 August
-80.29607,42.03875,8,08 August
-80.29607,42.03875,8,08 August
-80.29607,42.03875,8,08 August
-80.29607,42.03875,9,09 September
-80.29607,42.03875,9,09 September
-79.89908,40.01902,7,07 July
-79.89908,40.01902,7,07 July
-79.89908,40.01902,8,08 August
-79.89908,40.01902,8,08 August
-79.89908,40.01902,8,08 August
-79.89908,40.01902,8,08 August
-79.89908,40.01902,8,08 August
-79.89908,40.01902,9,09 September
-79.23687,40.66198,8,08 August
-79.23687,40.66198,8,08 August
-79.23687,40.66198,8,08 August
-79.23687,40.66198,9,09 September
-79.23687,40.66198,9,09 September
-79.23687,40.66198,9,09 September
-79.23687,40.66198,9,09 September
-79.23687,40.66198,10,10 October
-76.30431,40.08925,8,08 August
-76.30431,40.08925,9,09 September
-76.30997,39.97971,8,08 August
-76.30997,39.97971,9,09 September
-75.68061,40.71841,8,08 August
-75.68061,40.71841,8,08 August
-75.68061,40.71841,9,09 September
-77.15532,41.22156,6,06 June
-77.15532,41.22156,6,06 June
-77.15532,41.22156,6,06 June
-77.15532,41.22156,7,07 July
-77.15532,41.22156,7,07 July
-77.15532,41.22156,7,07 July
-77.15532,41.22156,8,08 August
-77.15532,41.22156,8,08 August
-77.15532,41.22156,8,08 August
-77.15532,41.22156,9,09 September
-77.15532,41.22156,9,09 September
-76.90409,41.27177,6,06 June
-76.90409,41.27177,6,06 June
-76.90409,41.27177,6,06 June
-76.90409,41.27177,7,07 July
-76.90409,41.27177,7,07 July
-76.90409,41.27177,7,07 July
-76.90409,41.27177,8,08 August
-76.90409,41.27177,8,08 August
-76.90409,41.27177,8,08 August
-76.90409,41.27177,8,08 August
-76.90409,41.27177,8,08 August
-76.90409,41.27177,9,09 September
-76.90409,41.27177,9,09 September
-76.90409,41.27177,9,09 September
-76.77474,41.2126,6,06 June
-76.77474,41.2126,6,06 June
-76.77474,41.2126,6,06 June
-76.77474,41.2126,7,07 July
-76.77474,41.2126,7,07 July
-76.77474,41.2126,8,08 August
-75.33672,40.28152,8,08 August
-75.32568,40.71097,9,09 September
-76.21079,40.91977,7,07 July
-76.21079,40.91977,7,07 July
-76.21079,40.91977,8,08 August
-76.55308,40.58336,6,06 June
-76.55308,40.58336,7,07 July
-76.55308,40.58336,8,08 August
-76.55308,40.58336,8,08 August
-76.55308,40.58336,8,08 August
-76.55308,40.58336,8,08 August
-76.55308,40.58336,9,09 September
-81.339392,43.073911,9,09 September
-76.662844,35.846164,9,09 September
-76.653133,35.850536,9,09 September
-76.659336,35.863556,9,09 September
-80.632675,26.668667,4,04 April
-80.632675,26.668667,5,05 May
-82.417683,29.785389,9,09 September
-81.122547,26.884178,4,04 April
-81.122547,26.884178,5,05 May
-66.391633,17.983592,4,04 April
-66.392342,17.958514,4,04 April
-76.952539,-12.080989,5,05 May
-76.952539,-12.080989,6,06 June
-76.952539,-12.080989,7,07 July
-65.6905,-27.336417,12,12 December
-65.6905,-27.336417,1,01 January
-65.579733,-27.773717,1,01 January
-64.893583,-26.919167,2,02 February
-64.807442,-26.557957,1,01 January
-65.337519,-26.478806,1,01 January
-56.111306,-28.446528,11,11 November
-56.146417,-28.37025,11,11 November
-56.07411,-28.582861,12,12 December
-57.498306,-27.476392,12,12 December
-57.878444,-29.173083,1,01 January
-58.571139,-26.696889,11,11 November
-58.522556,-26.711722,12,12 December
-59.849131,-34.382383,1,01 January
-62.251333,-28.893328,4,04 April
-64.203328,-24.722236,1,01 January
-59.3614,-28.479525,11,11 November
-53.718111,-29.719556,12,12 December
-55.786778,-27.200694,1,01 January
-56.462806,-27.278833,12,12 December
-66.829694,-29.584417,6,06 June
-60.821556,-26.782583,1,01 January
-61.497333,-27.427722,1,01 January
-62.355028,-27.644167,1,01 January
-64.794889,-26.355028,7,07 July
-66.075111,-26.811278,7,07 July
-65.480694,-23.746611,1,01 January
-65.036333,-24.789778,1,01 January
-65.085722,-25.973861,1,01 January
-64.530444,-23.716056,1,01 January
-64.947444,-25.642083,1,01 January
-65.45425,-23.98625,1,01 January
-64.353361,-33.930889,1,01 January
-60.597139,-25.955389,3,03 March
-65.283167,-26.830611,3,03 March
-52.333333,4.85,11,11 November
-52.333333,4.85,12,12 December
-52.333333,4.85,1,01 January
-52.333333,4.85,2,02 February
-52.333333,4.85,3,03 March
-52.333333,4.85,4,04 April
-52.333333,4.85,6,06 June
-52.333333,4.85,7,07 July
-52.333333,4.85,8,08 August
-52.333333,4.85,10,10 October
-52.333333,4.85,11,11 November
-52.333333,4.85,12,12 December
-52.333333,4.85,1,01 January
-52.333333,4.85,2,02 February
-52.333333,4.85,3,03 March
-52.333333,4.85,4,04 April
-52.333333,4.85,11,11 November
-52.333333,4.85,12,12 December
-52.333333,4.85,1,01 January
-52.333333,4.85,2,02 February
-52.333333,4.85,3,03 March
-52.333333,4.85,4,04 April
-52.333333,4.85,5,05 May
-52.333333,4.85,6,06 June
-52.333333,4.85,7,07 July
-52.333333,4.85,8,08 August
-52.333333,4.85,9,09 September
-52.333333,4.85,10,10 October
-52.333333,4.85,11,11 November
-52.333333,4.85,12,12 December
-52.333333,4.85,1,01 January
-52.333333,4.85,2,02 February
-52.333333,4.85,3,03 March
-52.333333,4.85,4,04 April
